"이름","전투력","협투력","속성","버스트","기업","무기","클래스","돌파","코강","호감도","스킬1","스킬2","버스트스킬","우코(%)","공증(%)","장탄(%)","크확(%)","크댐(%)","명중(%)","차댐(%)","차속(%)","방어(%)","소장품","큐브","큐브_레벨","머리_티어","머리_레벨","머리_옵1","머리_옵1값","머리_옵2","머리_옵2값","머리_옵3","머리_옵3값","몸통_티어","몸통_레벨","몸통_옵1","몸통_옵1값","몸통_옵2","몸통_옵2값","몸통_옵3","몸통_옵3값","장갑_티어","장갑_레벨","장갑_옵1","장갑_옵1값","장갑_옵2","장갑_옵2값","장갑_옵3","장갑_옵3값","다리_티어","다리_레벨","다리_옵1","다리_옵1값","다리_옵2","다리_옵2값","다리_옵3","다리_옵3값","콘솔_공용","콘솔_화력형","콘솔_방어형","콘솔_지원형","콘솔_엘리시온","콘솔_미실리스","콘솔_테트라","콘솔_필그림","콘솔_어브노멀"
"네온","279821","8490","작열","버스트1","엘리시온","SG","지원형","2","0","13","1","1","1","0.00","0.00","0.00","0.00","0.00","0.00","0.00","0.00","0.00","","","","9","0","","","","","","","9","0","","","","","","","9","0","","","","","","","9","0","","","","","","","370","225","224","225","228","228","228","263","220"
"미카 : 스노우 버디","338902","8715","철갑","버스트1","테트라","SMG","지원형","3","0","16","1","1","1","0.00","0.00","0.00","0.00","0.00","0.00","0.00","0.00","0.00","R 0","","","9","0","","","","","","","9","0","","","","","","","9","0","","","","","","","9","0","","","","","","","370","225","224","225","228","228","228","263","220"
"메어리 : 베이 갓데스","366980","10080","수냉","버스트1","테트라","SR","지원형","3","0","30","4","4","4","0.00","0.00","0.00","0.00","0.00","0.00","0.00","0.00","0.00","R 0","","","9","0","","","","","","","9","0","","","","","","","9","0","","","","","","","9","0","","","","","","","370","225","224","225","228","228","228","263","220"
"라이","335916","8482","수냉","버스트1","테트라","SMG","방어형","3","0","10","1","1","1","0.00","0.00","0.00","0.00","0.00","0.00","0.00","0.00","0.00","R 0","","","9","0","","","","","","","9","0","","","","","","","9","0","","","","","","","9","0","","","","","","","370","225","224","225","228","228","228","263","220"
"클레어","282064","9055","전격","버스트1","어브노멀","RL","지원형","2","0","30","1","1","1","0.00","0.00","0.00","0.00","0.00","0.00","0.00","0.00","0.00","","","","9","0","","","","","","","9","0","","","","","","","9","0","","","","","","","9","0","","","","","","","370","225","224","225","228","228","228","263","220"
"노아","631067","35340","풍압","버스트2","필그림","RL","방어형","3","7","40","4","4","4","23.56","23.62","68.93","5.71","0.00","0.00","23.62","0.00","11.81","SR 5","","","10","0","차댐","11.81","장탄","68.93","","","10","0","우코","23.56","방어","11.81","","","10","0","공증","11.81","","","","","10","0","차댐","11.81","크확","5.71","공증","11.81","370","225","224","225","228","228","228","263","220"
"아크레인저 블랙","655787","45581","풍압","버스트3","테트라","AR","화력형","3","1","30","10","7","10","90.02","11.11","0.00","2.98","37.56","0.00","11.81","0.00","0.00","SR 15","","","10","5","우코","19.35","","","","","10","0","크확","2.98","우코","29.16","크댐","6.64","10","3","우코","23.56","차댐","11.81","크댐","16.44","10","0","우코","17.95","크댐","14.48","공증","11.11","370","225","224","225","228","228","228","263","220"
"은화","380562","9538","작열","버스트2","엘리시온","SR","화력형","3","6","10","1","1","1","0.00","0.00","0.00","0.00","0.00","0.00","0.00","0.00","0.00","R 0","","","9","0","","","","","","","9","0","","","","","","","9","0","","","","","","","9","0","","","","","","","370","225","224","225","228","228","228","263","220"
"에이드","400540","10195","풍압","버스트2","테트라","AR","지원형","3","7","21","1","1","1","0.00","0.00","0.00","0.00","0.00","0.00","0.00","0.00","0.00","R 0","","","9","0","","","","","","","9","0","","","","","","","9","0","","","","","","","9","0","","","","","","","370","225","224","225","228","228","228","263","220"
"클레이","373754","10185","전격","버스트2","테트라","SMG","지원형","3","5","30","1","1","1","0.00","0.00","0.00","0.00","0.00","0.00","0.00","0.00","0.00","R 0","","","9","0","","","","","","","9","0","","","","","","","9","0","","","","","","","9","0","","","","","","","370","225","224","225","228","228","228","263","220"
"티아","636396","38259","철갑","버스트1","미실리스","RL","방어형","3","7","30","10","5","4","23.56","11.81","137.86","0.00","16.44","11.81","0.00","5.00","11.81","R 5","","","10","3","명중","11.81","크댐","16.44","장탄","68.93","10","3","장탄","68.93","","","방어","11.81","10","2","우코","23.56","","","","","10","4","공증","11.81","차속","4.92","","","370","225","224","225","228","228","228","263","220"
"길티","480703","21937","풍압","버스트2","미실리스","SG","화력형","3","0","30","4","4","4","0.00","0.00","137.86","5.71","0.00","0.00","11.81","0.00","11.81","R 0","","","10","0","크확","5.71","차댐","11.81","","","10","0","장탄","68.93","","","","","10","0","장탄","68.93","","","","","10","0","방어","11.81","","","","","370","225","224","225","228","228","228","263","220"
"크라운","673840","55775","철갑","버스트2","필그림","MG","방어형","3","4","40","10","10","10","41.51","11.81","68.93","0.00","32.88","0.00","0.00","7.00","0.00","SR 15","렐릭 베어 큐브","15","10","5","차속","2.28","","","우코","17.95","10","5","공증","11.81","크댐","16.44","차속","4.92","10","5","장탄","68.93","크댐","16.44","","","10","5","우코","23.56","","","","","370","225","224","225","228","228","228","263","220"
"폴크방","427652","11741","수냉","버스트2","테트라","AR","방어형","3","7","11","1","1","1","0.00","0.00","0.00","0.00","0.00","0.00","0.00","0.00","0.00","R 0","렐릭 디스트로이 큐브","11","9","0","","","","","","","9","0","","","","","","","9","0","","","","","","","9","0","","","","","","","370","225","224","225","228","228","228","263","220"
"민트","680278","50834","철갑","버스트2","테트라","RL","지원형","3","2","30","10","10","10","47.12","0.00","0.00","0.00","16.44","0.00","11.81","5.00","23.62","SR 15","렐릭 베어 큐브","15","10","5","방어","11.81","","","","","10","1","차속","4.92","","","크댐","16.44","10","3","우코","23.56","","","","","10","0","차댐","11.81","방어","11.81","우코","23.56","370","225","224","225","228","228","228","263","220"
"백학","353773","9163","수냉","버스트2","미실리스","SR","방어형","3","3","15","1","1","1","0.00","0.00","0.00","0.00","0.00","0.00","0.00","0.00","0.00","R 0","","","9","0","","","","","","","9","0","","","","","","","9","0","","","","","","","9","0","","","","","","","370","225","224","225","228","228","228","263","220"
"K","348985","8796","전격","버스트3","엘리시온","SMG","화력형","3","1","13","1","1","1","0.00","0.00","0.00","0.00","0.00","0.00","0.00","0.00","0.00","R 0","","","9","0","","","","","","","9","0","","","","","","","9","0","","","","","","","9","0","","","","","","","370","225","224","225","228","228","228","263","220"
"솔져 E.G.","251130","7865","전격","버스트3","엘리시온","AR","화력형","0","0","1","1","1","1","0.00","0.00","0.00","0.00","0.00","0.00","0.00","0.00","0.00","","","","0","0","","","","","","","0","0","","","","","","","0","0","","","","","","","0","0","","","","","","","370","225","224","225","228","228","228","263","220"
"로산나","684840","29124","전격","버스트1","테트라","MG","화력형","3","7","30","7","7","7","0.00","0.00","137.86","5.71","16.44","11.81","11.81","15.00","0.00","애장품 ★☆☆","","","10","0","장탄","68.93","차속","4.92","","","10","0","차속","4.92","명중","11.81","","","10","0","차댐","11.81","장탄","68.93","차속","4.92","10","0","크확","5.71","크댐","16.44","","","370","225","224","225","228","228","228","263","220"
"엑시아","456510","22901","전격","버스트1","테트라","SR","지원형","3","4","30","4","4","6","0.00","0.00","0.00","0.00","0.00","0.00","0.00","0.00","0.00","애장품 ★★★","택티컬 어설트 큐브","8","9","0","","","","","","","9","0","","","","","","","9","0","","","","","","","9","0","","","","","","","370","225","224","225","228","228","228","263","220"
"모더니아","734336","51610","작열","버스트3","필그림","MG","화력형","3","7","40","10","10","10","87.20","21.51","145.16","3.66","7.62","0.00","0.00","0.00","0.00","SR 5","택티컬 베어 큐브","15","10","5","장탄","40.17","우코","22.15","공증","10.40","10","5","장탄","44.28","우코","22.15","","","10","5","크확","3.66","장탄","60.71","우코","22.15","10","5","크댐","7.62","공증","11.11","우코","20.75","370","225","224","225","228","228","228","263","220"
"이브","617374","36088","철갑","버스트3","어브노멀","AR","화력형","3","0","30","10","10","10","87.21","4.77","0.00","4.35","0.00","6.88","25.74","0.00","0.00","SR 5","","","10","4","명중","6.88","우코","19.35","","","10","0","차댐","11.11","우코","22.15","크확","4.35","10","0","우코","20.75","","","","","10","0","우코","24.96","차댐","14.63","공증","4.77","370","225","224","225","228","228","228","263","220"
"크로우","369019","9367","작열","버스트3","미실리스","SMG","방어형","3","5","11","1","1","1","0.00","0.00","0.00","0.00","0.00","0.00","0.00","0.00","0.00","R 0","","","9","0","","","","","","","9","0","","","","","","","9","0","","","","","","","9","0","","","","","","","370","225","224","225","228","228","228","263","220"
"레이븐","618847","43874","철갑","버스트3","어브노멀","RL","화력형","3","0","30","10","10","10","81.60","16.58","85.37","3.66","0.00","6.88","0.00","0.00","0.00","SR 15","","","10","5","공증","6.18","우코","22.15","","","10","1","명중","6.88","공증","10.40","우코","20.75","10","3","크확","3.66","우코","19.35","","","10","0","장탄","85.37","우코","19.35","","","370","225","224","225","228","228","228","263","220"
"루마니","686037","36864","작열","버스트1","테트라","RL","방어형","3","7","30","7","7","7","23.56","11.81","68.93","5.71","16.44","11.81","11.81","5.00","11.81","SR 5","","","10","0","크확","5.71","방어","11.81","","","10","0","장탄","68.93","공증","11.81","","","10","0","명중","11.81","크댐","16.44","","","10","0","차댐","11.81","우코","23.56","차속","4.92","370","225","224","225","228","228","228","263","220"
"솔져 F.A.","244183","7825","철갑","버스트2","엘리시온","SG","방어형","0","0","1","1","1","1","0.00","0.00","0.00","0.00","0.00","0.00","0.00","0.00","0.00","","","","0","0","","","","","","","0","0","","","","","","","0","0","","","","","","","0","0","","","","","","","370","225","224","225","228","228","228","263","220"
"베이","678479","42483","작열","버스트2","테트라","RL","방어형","3","7","30","7","7","7","23.56","11.81","0.00","17.13","0.00","0.00","11.81","5.00","11.81","애장품 ★★★","","","10","0","크확","5.71","차댐","11.81","","","10","0","크확","5.71","","","","","10","0","우코","23.56","공증","11.81","크확","5.71","10","0","차속","4.92","방어","11.81","","","370","225","224","225","228","228","228","263","220"
"치사토","586177","35385","철갑","버스트3","어브노멀","SMG","화력형","1","0","20","9","10","10","90.01","5.47","96.77","0.00","34.84","0.00","0.00","0.00","6.88","SR 5","","","10","4","장탄","36.06","우코","27.76","","","10","0","장탄","60.71","크댐","17.42","우코","19.35","10","0","크댐","17.42","우코","20.75","","","10","0","우코","22.15","방어","6.88","공증","5.47","370","225","224","225","228","228","228","263","220"
"에이다","559934","43972","전격","버스트3","어브노멀","RL","화력형","0","0","10","10","10","7","78.81","0.00","0.00","0.00","21.12","0.00","0.00","3.00","0.00","SR 15","렐릭 베어 큐브","15","10","5","크댐","11.54","우코","20.75","","","10","3","우코","23.56","","","","","10","4","우코","17.95","차속","2.57","","","10","0","크댐","9.58","우코","16.55","","","370","225","224","225","228","228","228","263","220"
"루주","694961","48922","전격","버스트1","테트라","SR","지원형","3","7","30","10","10","10","0.00","0.00","206.79","0.00","32.88","0.00","11.81","5.00","11.81","SR 15","","","10","5","장탄","68.93","크댐","16.44","","","10","5","차댐","11.81","","","","","10","4","크댐","16.44","","","장탄","68.93","10","0","장탄","68.93","방어","11.81","차속","4.92","370","225","224","225","228","228","228","263","220"
"사쿠라 : 블룸 인 서머","591935","36350","풍압","버스트3","테트라","AR","화력형","3","0","30","7","8","8","99.83","19.40","80.34","0.00","0.00","0.00","0.00","0.00","0.00","SR 5","","","10","5","공증","9.00","우코","20.75","","","10","0","우코","27.76","","","장탄","36.06","10","5","공증","10.40","우코","26.36","장탄","44.28","10","0","우코","24.96","","","","","370","225","224","225","228","228","228","263","220"
"렘","442501","16946","수냉","버스트2","어브노멀","MG","지원형","3","0","30","4","4","4","0.00","0.00","68.93","5.71","0.00","11.81","11.81","0.00","0.00","R 0","","","10","0","명중","11.81","","","크확","5.71","10","0","장탄","68.93","","","차댐","11.81","9","0","","","","","","","9","0","","","","","","","370","225","224","225","228","228","228","263","220"
"퀀시 : 이스케이프 퀸","691049","40273","수냉","버스트3","미실리스","SMG","화력형","3","7","30","10","10","10","58.05","19.40","125.53","3.66","22.10","10.40","0.00","0.00","0.00","SR 5","","","10","5","우코","16.55","장탄","68.93","크확","3.66","10","0","우코","22.15","명중","10.40","","","10","3","장탄","56.60","공증","9.00","크댐","10.56","10","0","우코","19.35","공증","10.40","크댐","11.54","370","225","224","225","228","228","228","263","220"
"율하","425689","11596","작열","버스트3","테트라","SR","화력형","3","7","30","4","5","4","0.00","0.00","0.00","0.00","0.00","0.00","0.00","0.00","0.00","R 0","","","9","0","","","","","","","9","0","","","","","","","9","0","","","","","","","9","0","","","","","","","370","225","224","225","228","228","228","263","220"
"아인","671913","47021","전격","버스트3","미실리스","SR","화력형","3","7","30","10","10","10","85.80","18.70","52.50","5.28","0.00","0.00","0.00","0.00","4.77","SR 15","","","10","5","장탄","52.50","","","우코","22.15","10","4","크확","2.30","우코","20.75","","","10","5","우코","22.15","방어","4.77","공증","7.59","10","0","공증","11.11","우코","20.75","크확","2.98","370","225","224","225","228","228","228","263","220"
"D : 킬러 와이프","646273","35718","작열","버스트1","엘리시온","SR","지원형","3","7","30","10","10","10","70.68","0.00","137.86","0.00","0.00","0.00","11.81","0.00","0.00","SR 5","","","10","0","장탄","68.93","","","","","10","0","우코","23.56","장탄","68.93","","","10","0","우코","23.56","차댐","11.81","","","10","0","우코","23.56","","","","","370","225","224","225","228","228","228","263","220"
"하란","404601","11504","전격","버스트3","필그림","SR","화력형","3","7","40","1","1","1","0.00","0.00","0.00","0.00","0.00","0.00","0.00","0.00","0.00","R 0","","","9","0","","","","","","","9","0","","","","","","","9","0","","","","","","","9","0","","","","","","","370","225","224","225","228","228","228","263","220"
"밀크","369086","10014","수냉","버스트1","테트라","SR","화력형","3","4","30","1","1","1","0.00","0.00","0.00","0.00","0.00","0.00","0.00","0.00","0.00","R 0","","","9","0","","","","","","","9","0","","","","","","","9","0","","","","","","","9","0","","","","","","","370","225","224","225","228","228","228","263","220"
"질","490298","27441","전격","버스트3","어브노멀","AR","화력형","0","0","10","7","7","7","10.94","25.57","125.53","0.00","0.00","0.00","0.00","3.00","10.95","SR 5","","","10","0","장탄","68.93","공증","11.81","","","10","0","우코","10.94","방어","6.18","","","10","0","방어","4.77","장탄","56.60","공증","5.47","10","0","차속","2.57","","","공증","8.29","370","225","224","225","228","228","228","263","220"
"신","350017","9274","전격","버스트2","미실리스","AR","방어형","3","0","30","1","1","1","0.00","0.00","0.00","0.00","0.00","0.00","0.00","0.00","0.00","R 0","","","9","0","","","","","","","9","0","","","","","","","9","0","","","","","","","9","0","","","","","","","370","225","224","225","228","228","228","263","220"
"베스티","422344","11998","수냉","버스트3","엘리시온","RL","화력형","3","7","30","1","1","1","0.00","0.00","0.00","0.00","0.00","0.00","0.00","0.00","0.00","R 0","택티컬 어설트 큐브","8","9","0","","","","","","","9","0","","","","","","","9","0","","","","","","","9","0","","","","","","","370","225","224","225","228","228","228","263","220"
"타키나","488020","22490","철갑","버스트2","어브노멀","SR","지원형","0","0","10","7","10","10","23.56","11.81","68.93","0.00","0.00","11.81","0.00","5.00","0.00","R 0","","","10","0","공증","11.81","","","","","10","0","장탄","68.93","","","","","10","0","명중","11.81","차속","4.92","","","10","0","우코","23.56","","","","","370","225","224","225","228","228","228","263","220"
"프리카","667828","52110","수냉","버스트2","테트라","SR","지원형","3","0","30","10","10","10","23.56","23.62","0.00","5.71","16.44","0.00","11.81","5.00","23.62","SR 15","렐릭 베어 큐브","15","10","5","우코","23.56","크댐","16.44","","","10","0","크확","5.71","차댐","11.81","","","10","2","방어","11.81","공증","11.81","","","10","0","공증","11.81","차속","4.92","방어","11.81","370","225","224","225","228","228","228","263","220"
"에이드 : 에이전트 바니","678323","47171","철갑","버스트2","테트라","SR","지원형","3","5","30","10","10","10","47.12","11.81","0.00","0.00","32.88","0.00","0.00","5.00","23.62","SR 15","","","10","5","우코","23.56","","","방어","11.81","10","1","방어","11.81","","","","","10","3","우코","23.56","크댐","16.44","","","10","0","차속","4.92","공증","11.81","크댐","16.44","370","225","224","225","228","228","228","263","220"
"길로틴 : 윈터 슬레이어","545568","30526","수냉","버스트3","엘리시온","AR","화력형","3","1","30","9","7","9","23.56","0.00","63.90","8.69","26.02","0.00","4.77","0.00","0.00","SR 5","","","10","0","장탄","36.06","크댐","11.54","","","10","0","우코","23.56","크확","5.71","","","10","0","크댐","14.48","크확","2.98","","","10","0","장탄","27.84","","","차댐","4.77","370","225","224","225","228","228","228","263","220"
"신데렐라 : 크리스탈 웨이브","744051","57523","철갑","버스트3","필그림","MG","화력형","3","3","40","10","10","10","104.03","40.20","73.04","0.00","43.44","0.00","0.00","0.00","0.00","SR 15","","","10","5","우코","23.56","크댐","14.48","공증","11.81","10","5","공증","9.70","우코","22.15","크댐","14.48","10","5","우코","29.16","공증","8.29","크댐","14.48","10","5","공증","10.40","우코","29.16","장탄","73.04","370","225","224","225","228","228","228","263","220"
"프로덕트 23","246522","7846","풍압","버스트2","미실리스","SG","지원형","0","0","1","1","1","1","0.00","0.00","0.00","0.00","0.00","0.00","0.00","0.00","0.00","","","","0","0","","","","","","","0","0","","","","","","","0","0","","","","","","","0","0","","","","","","","370","225","224","225","228","228","228","263","220"
"나가","662363","44183","전격","버스트2","미실리스","SG","지원형","3","7","30","10","10","10","23.56","0.00","68.93","17.13","0.00","0.00","0.00","0.00","7.59","SR 15","","","10","5","크확","5.71","","","","","10","2","방어","7.59","","","","","10","2","장탄","68.93","크확","5.71","","","10","1","우코","23.56","크확","5.71","","","370","225","224","225","228","228","228","263","220"
"앤 : 미라클 페어리","415044","11957","풍압","버스트2","미실리스","RL","지원형","3","0","30","4","4","7","0.00","0.00","0.00","0.00","0.00","0.00","0.00","0.00","0.00","R 0","렐릭 부스트 큐브","8","9","0","","","","","","","9","0","","","","","","","9","0","","","","","","","9","0","","","","","","","370","225","224","225","228","228","228","263","220"
"신데렐라","757362","60479","전격","버스트3","필그림","RL","방어형","3","4","40","10","10","10","84.40","31.22","125.54","3.66","12.52","0.00","0.00","0.00","8.29","SR 15","렐릭 베어 큐브","15","10","5","우코","22.15","장탄","85.37","방어","8.29","10","5","우코","20.75","공증","9.00","장탄","40.17","10","5","우코","19.35","크댐","12.52","공증","13.93","10","5","크확","3.66","공증","8.29","우코","22.15","370","225","224","225","228","228","228","263","220"
"레이","574054","36684","작열","버스트3","어브노멀","MG","화력형","0","0","10","7","10","7","72.07","18.69","81.26","5.71","10.56","0.00","0.00","0.00","0.00","SR 5","택티컬 베어 큐브","15","10","0","공증","6.88","","","우코","26.36","10","0","우코","22.15","","","","","10","0","우코","23.56","크확","5.71","","","10","0","장탄","81.26","크댐","10.56","공증","11.81","370","225","224","225","228","228","228","263","220"
"네베","284554","8467","수냉","버스트3","테트라","SG","화력형","2","0","12","1","1","1","0.00","0.00","0.00","0.00","0.00","0.00","0.00","0.00","0.00","","","","9","0","","","","","","","9","0","","","","","","","9","0","","","","","","","9","0","","","","","","","370","225","224","225","228","228","228","263","220"
"iDoll 오션","240246","7818","수냉","버스트1","테트라","SMG","지원형","0","0","1","1","1","1","0.00","0.00","0.00","0.00","0.00","0.00","0.00","0.00","0.00","","","","0","0","","","","","","","0","0","","","","","","","0","0","","","","","","","0","0","","","","","","","370","225","224","225","228","228","228","263","220"
"iDoll 썬","249057","7857","철갑","버스트3","테트라","AR","지원형","0","0","1","1","1","1","0.00","0.00","0.00","0.00","0.00","0.00","0.00","0.00","0.00","","","","0","0","","","","","","","0","0","","","","","","","0","0","","","","","","","0","0","","","","","","","370","225","224","225","228","228","228","263","220"
"N102","292507","8564","수냉","버스트1","미실리스","RL","지원형","2","0","15","1","1","1","0.00","0.00","0.00","0.00","0.00","0.00","0.00","0.00","0.00","R 0","","","9","0","","","","","","","9","0","","","","","","","9","0","","","","","","","9","0","","","","","","","370","225","224","225","228","228","228","263","220"
"엠마","383832","10009","작열","버스트1","엘리시온","MG","지원형","3","7","18","1","1","1","0.00","0.00","0.00","0.00","0.00","0.00","0.00","0.00","0.00","R 0","","","9","0","","","","","","","9","0","","","","","","","9","0","","","","","","","9","0","","","","","","","370","225","224","225","228","228","228","263","220"
"트리나","699985","37480","전격","버스트2","미실리스","RL","지원형","3","7","30","4","7","7","0.00","11.81","68.93","17.13","0.00","35.43","11.81","5.00","0.00","SR 5","","","10","0","공증","11.81","명중","11.81","","","10","0","명중","11.81","차댐","11.81","크확","5.71","10","0","크확","5.71","차속","4.92","","","10","0","명중","11.81","크확","5.71","장탄","68.93","370","225","224","225","228","228","228","263","220"
"루피 : 윈터 쇼퍼","350017","9274","전격","버스트1","테트라","AR","방어형","3","0","30","1","1","1","0.00","0.00","0.00","0.00","0.00","0.00","0.00","0.00","0.00","R 0","","","9","0","","","","","","","9","0","","","","","","","9","0","","","","","","","9","0","","","","","","","370","225","224","225","228","228","228","263","220"
"쿠루미","283654","9062","철갑","버스트1","어브노멀","AR","지원형","2","0","30","1","1","1","0.00","0.00","0.00","0.00","0.00","0.00","0.00","0.00","0.00","","","","9","0","","","","","","","9","0","","","","","","","9","0","","","","","","","9","0","","","","","","","370","225","224","225","228","228","228","263","220"
"트로니","388480","9785","작열","버스트3","미실리스","SR","화력형","3","7","12","1","1","1","0.00","0.00","0.00","0.00","0.00","0.00","0.00","0.00","0.00","R 0","","","9","0","","","","","","","9","0","","","","","","","9","0","","","","","","","9","0","","","","","","","370","225","224","225","228","228","228","263","220"
"마르차나","434237","16920","철갑","버스트2","엘리시온","SG","지원형","3","7","30","4","4","4","0.00","0.00","0.00","0.00","0.00","0.00","0.00","0.00","0.00","R 6","","","9","0","","","","","","","9","0","","","","","","","9","0","","","","","","","9","0","","","","","","","370","225","224","225","228","228","228","263","220"
"아리아","389003","10569","수냉","버스트2","테트라","MG","화력형","3","7","30","1","1","1","0.00","0.00","0.00","0.00","0.00","0.00","0.00","0.00","0.00","R 0","","","9","0","","","","","","","9","0","","","","","","","9","0","","","","","","","9","0","","","","","","","370","225","224","225","228","228","228","263","220"
"브래디","736067","55382","수냉","버스트3","테트라","SR","화력형","3","7","30","10","10","10","91.42","0.00","68.93","4.69","0.00","0.00","9.70","4.00","0.00","SR 15","렐릭 베어 큐브","15","10","5","우코","23.56","크확","4.69","차댐","9.70","10","5","장탄","68.93","우코","23.56","","","10","5","우코","22.15","","","","","10","0","우코","22.15","차속","4.04","","","370","225","224","225","228","228","228","263","220"
"스노우 화이트 : 헤비암즈","705361","56982","수냉","버스트3","필그림","SR","화력형","3","3","40","10","10","10","98.43","39.51","0.00","0.00","0.00","0.00","0.00","2.00","6.18","SR 15","렐릭 베어 큐브","15","10","5","우코","19.35","공증","12.52","","","10","5","공증","9.70","","","우코","26.36","10","5","우코","24.96","방어","6.18","공증","8.29","10","0","차속","2.28","우코","27.76","공증","9.00","370","225","224","225","228","228","228","263","220"
"디젤 : 윈터 스위츠","666193","47954","작열","버스트3","엘리시온","RL","화력형","3","0","30","10","10","10","87.20","22.22","85.37","11.42","0.00","0.00","0.00","0.00","0.00","SR 15","","","10","5","우코","22.15","장탄","85.37","공증","7.59","10","1","우코","22.15","크확","7.07","","","10","5","크확","4.35","우코","20.75","","","10","0","우코","22.15","","","공증","14.63","370","225","224","225","228","228","228","263","220"
"소다","377329","10135","작열","버스트1","테트라","MG","지원형","3","6","25","1","1","1","0.00","0.00","0.00","0.00","0.00","0.00","0.00","0.00","0.00","R 0","","","9","0","","","","","","","9","0","","","","","","","9","0","","","","","","","9","0","","","","","","","370","225","224","225","228","228","228","263","220"
"토브","724221","52781","수냉","버스트1","미실리스","AR","지원형","3","7","30","10","10","10","47.12","0.00","109.10","4.35","10.56","7.59","11.81","0.00","0.00","애장품 ★★★","택티컬 베어 큐브","15","10","5","크댐","10.56","","","크확","4.35","10","5","명중","7.59","","","장탄","40.17","10","5","장탄","68.93","우코","23.56","","","10","0","우코","23.56","차댐","11.81","","","370","225","224","225","228","228","228","263","220"
"길로틴","529659","24320","전격","버스트3","엘리시온","MG","화력형","3","7","30","1","1","1","0.00","0.00","251.07","5.71","0.00","11.81","0.00","0.00","11.81","R 0","","","10","2","방어","11.81","","","장탄","68.93","10","0","장탄","44.28","","","","","10","1","장탄","68.93","크확","5.71","","","10","0","장탄","68.93","","","명중","11.81","370","225","224","225","228","228","228","263","220"
"디젤","442688","21085","풍압","버스트2","엘리시온","MG","방어형","3","7","30","4","4","4","0.00","0.00","0.00","0.00","0.00","0.00","0.00","0.00","0.00","애장품 ★★★","","","9","0","","","","","","","9","0","","","","","","","9","0","","","","","","","9","0","","","","","","","370","225","224","225","228","228","228","263","220"
"얀","369339","9090","작열","버스트1","테트라","RL","지원형","3","3","11","1","1","1","0.00","0.00","0.00","0.00","0.00","0.00","0.00","0.00","0.00","R 0","","","9","0","","","","","","","9","0","","","","","","","9","0","","","","","","","9","0","","","","","","","370","225","224","225","228","228","228","263","220"
"일레그 : 붐 앤 쇼크","638282","46734","수냉","버스트3","미실리스","MG","화력형","3","0","30","10","10","10","63.66","29.09","64.82","5.37","15.46","16.58","0.00","0.00","0.00","SR 15","","","10","5","크확","5.37","우코","17.95","공증","10.40","10","1","장탄","64.82","공증","11.81","크댐","15.46","10","3","명중","11.81","우코","23.56","","","10","0","명중","4.77","우코","22.15","공증","6.88","370","225","224","225","228","228","228","263","220"
"센티","661016","41390","철갑","버스트2","미실리스","RL","방어형","3","7","30","7","7","4","23.56","0.00","137.86","0.00","16.44","23.62","0.00","0.00","23.62","애장품 ★★★","","","10","0","우코","23.56","장탄","68.93","명중","11.81","10","0","방어","11.81","","","","","10","0","명중","11.81","","","","","10","0","크댐","16.44","방어","11.81","장탄","68.93","370","225","224","225","228","228","228","263","220"
"슈가","687039","47008","철갑","버스트3","테트라","SG","화력형","3","5","30","10","10","10","73.47","10.40","68.01","5.03","0.00","0.00","0.00","0.00","4.77","애장품 ★★★","택티컬 베어 큐브","15","10","0","우코","23.56","","","","","10","0","방어","4.77","우코","20.75","","","10","0","장탄","31.95","우코","29.16","","","10","0","크확","5.03","장탄","36.06","공증","10.40","370","225","224","225","228","228","228","263","220"
"차임","456427","15229","철갑","버스트2","필그림","SMG","지원형","3","7","40","1","1","1","23.56","11.81","0.00","0.00","0.00","0.00","0.00","0.00","11.81","R 0","","","9","0","","","","","","","9","0","","","","","","","9","0","","","","","","","10","0","우코","23.56","방어","11.81","공증","11.81","370","225","224","225","228","228","228","263","220"
"도로시","566346","32165","수냉","버스트1","필그림","AR","지원형","3","7","40","1","1","1","60.60","19.40","0.00","0.00","0.00","0.00","0.00","6.00","19.40","SR 5","","","10","3","우코","15.15","","","","","10","0","방어","10.40","우코","15.15","공증","5.47","10","0","공증","13.93","우코","15.15","","","10","0","차속","6.09","우코","15.15","방어","9.00","370","225","224","225","228","228","228","263","220"
"앵커 : 이노센트 메이드","694032","47580","수냉","버스트2","엘리시온","RL","지원형","3","7","30","10","10","10","42.91","5.47","0.00","8.01","0.00","19.40","9.70","0.00","18.69","SR 15","","","10","5","크확","3.32","우코","19.35","","","10","5","명중","7.59","공증","5.47","","","10","5","명중","11.81","우코","23.56","방어","11.81","10","0","크확","4.69","차댐","9.70","방어","6.88","370","225","224","225","228","228","228","263","220"
"엠마 : 택티컬 업","573201","32852","작열","버스트1","엘리시온","MG","지원형","3","6","30","7","7","7","0.00","0.00","68.93","5.71","0.00","23.62","11.81","0.00","11.81","R 5","","","10","0","명중","11.81","","","","","10","0","방어","11.81","크확","5.71","","","10","0","장탄","68.93","","","명중","11.81","10","0","차댐","11.81","","","","","370","225","224","225","228","228","228","263","220"
"프로덕트 12","241798","7823","작열","버스트3","미실리스","MG","화력형","0","0","1","1","1","1","0.00","0.00","0.00","0.00","0.00","0.00","0.00","0.00","0.00","","","","0","0","","","","","","","0","0","","","","","","","0","0","","","","","","","0","0","","","","","","","370","225","224","225","228","228","228","263","220"
"퀸(마코토)","562200","40305","작열","버스트3","어브노멀","SG","화력형","0","0","10","9","9","9","81.60","16.58","0.00","3.32","0.00","6.88","0.00","5.00","0.00","SR 15","","","10","5","차속","4.63","우코","19.35","","","10","1","우코","20.75","명중","6.88","공증","6.18","10","3","우코","22.15","","","공증","10.40","10","0","크확","3.32","우코","19.35","","","370","225","224","225","228","228","228","263","220"
"헬름","684582","47082","수냉","버스트3","엘리시온","SR","화력형","3","7","30","10","10","10","47.12","20.80","0.00","2.30","0.00","0.00","0.00","12.00","11.81","애장품 ★★★","","","10","5","차속","3.75","공증","10.40","","","10","3","크확","2.30","공증","10.40","차속","4.92","10","3","차속","3.16","우코","23.56","","","10","0","우코","23.56","방어","11.81","","","370","225","224","225","228","228","228","263","220"
"일레그","384708","10546","전격","버스트2","미실리스","MG","지원형","3","7","30","1","1","1","0.00","0.00","0.00","0.00","0.00","0.00","0.00","0.00","0.00","R 0","","","9","0","","","","","","","9","0","","","","","","","9","0","","","","","","","9","0","","","","","","","370","225","224","225","228","228","228","263","220"
"솔린 : 프로스트 티켓","602186","29723","수냉","버스트1","엘리시온","SG","지원형","3","5","30","10","4","1","0.00","23.62","137.86","0.00","0.00","11.81","0.00","10.00","0.00","R 0","택티컬 베어 큐브","15","10","0","차속","4.92","장탄","68.93","","","10","0","명중","11.81","공증","11.81","","","10","0","차속","4.92","장탄","68.93","","","10","0","공증","11.81","","","","","370","225","224","225","228","228","228","263","220"
"스노우 화이트","689732","52437","철갑","버스트3","필그림","AR","화력형","3","3","40","4","7","10","81.60","25.04","0.00","5.37","22.10","6.18","0.00","0.00","0.00","SR 15","렐릭 디스트로이 큐브","11","10","5","크댐","15.46","명중","6.18","우코","22.15","10","5","우코","19.35","크댐","6.64","","","10","5","우코","17.95","공증","12.52","","","10","0","크확","5.37","우코","22.15","공증","12.52","370","225","224","225","228","228","228","263","220"
"킬로","333770","8679","작열","버스트3","미실리스","MG","방어형","3","0","16","1","1","1","0.00","0.00","0.00","0.00","0.00","0.00","0.00","0.00","0.00","R 0","","","9","0","","","","","","","9","0","","","","","","","9","0","","","","","","","9","0","","","","","","","370","225","224","225","228","228","228","263","220"
"라푼젤 : 퓨어 그레이스","355302","10636","철갑","버스트1","필그림","SR","방어형","3","3","40","1","1","1","0.00","0.00","0.00","0.00","0.00","0.00","0.00","0.00","0.00","R 0","","","9","0","","","","","","","9","0","","","","","","","9","0","","","","","","","9","0","","","","","","","370","225","224","225","228","228","228","263","220"
"D","390277","10298","풍압","버스트3","엘리시온","SMG","화력형","3","7","24","1","1","1","0.00","0.00","0.00","0.00","0.00","0.00","0.00","0.00","0.00","R 0","","","9","0","","","","","","","9","0","","","","","","","9","0","","","","","","","9","0","","","","","","","370","225","224","225","228","228","228","263","220"
"루드밀라 : 윈터 오너","624334","44684","수냉","버스트3","테트라","MG","화력형","3","0","30","10","7","9","90.01","21.52","113.21","0.00","0.00","4.77","0.00","0.00","4.77","SR 5","택티컬 베어 큐브","15","10","5","우코","22.15","명중","4.77","장탄","36.06","10","5","우코","19.35","장탄","77.15","공증","12.52","10","5","우코","29.16","공증","9.00","","","10","0","방어","4.77","우코","19.35","","","370","225","224","225","228","228","228","263","220"
"레이 (가칭)","594893","33468","풍압","버스트3","어브노멀","AR","화력형","3","0","30","7","7","7","62.25","32.62","80.34","0.00","27.98","0.00","0.00","0.00","6.18","SR 5","","","10","0","크댐","19.38","우코","22.15","공증","11.81","10","0","우코","17.95","장탄","36.06","","","10","0","공증","9.70","방어","6.18","우코","22.15","10","0","크댐","8.60","장탄","44.28","공증","11.11","370","225","224","225","228","228","228","263","220"
"iDoll 플라워","245264","7830","풍압","버스트1","테트라","RL","방어형","0","0","1","1","1","1","0.00","0.00","0.00","0.00","0.00","0.00","0.00","0.00","0.00","","","","0","0","","","","","","","0","0","","","","","","","0","0","","","","","","","0","0","","","","","","","370","225","224","225","228","228","228","263","220"
"A2","488122","22094","작열","버스트3","어브노멀","RL","화력형","3","0","30","4","5","5","88.62","0.00","0.00","0.00","0.00","6.18","6.18","0.00","0.00","R 0","","","10","0","우코","23.56","","","","","10","0","우코","23.56","","","","","10","0","우코","20.75","명중","6.18","차댐","6.18","10","0","우코","20.75","","","","","370","225","224","225","228","228","228","263","220"
"네로","582811","33103","작열","버스트2","테트라","SMG","방어형","3","7","30","7","4","4","0.00","11.81","68.93","0.00","44.42","0.00","0.00","0.00","16.58","SR 5","렐릭 템퍼링 큐브","6","10","0","공증","11.81","","","","","10","0","크댐","16.44","방어","11.81","","","10","0","방어","4.77","크댐","11.54","","","10","0","크댐","16.44","장탄","68.93","","","370","225","224","225","228","228","228","263","220"
"블랑","736500","42540","풍압","버스트2","테트라","AR","방어형","3","7","30","4","7","10","47.12","0.00","68.93","0.00","49.32","11.81","0.00","5.00","11.81","SR 5","렐릭 디스트로이 큐브","11","10","4","크댐","16.44","방어","11.81","명중","11.81","10","0","장탄","68.93","우코","23.56","차속","4.92","10","0","우코","23.56","","","크댐","16.44","10","0","크댐","16.44","","","","","370","225","224","225","228","228","228","263","220"
"퀀시","320046","7999","전격","버스트2","미실리스","SMG","지원형","0","0","8","1","1","1","0.00","0.00","0.00","0.00","0.00","0.00","0.00","0.00","0.00","R 0","","","9","0","","","","","","","9","0","","","","","","","9","0","","","","","","","9","0","","","","","","","370","225","224","225","228","228","228","263","220"
"스노우 화이트 : 이노센트 데이즈","488206","15608","철갑","버스트3","필그림","AR","화력형","3","7","25","4","4","4","23.56","0.00","68.93","0.00","0.00","0.00","0.00","0.00","0.00","R 0","","","10","0","장탄","68.93","우코","23.56","","","9","2","","","","","","","9","0","","","","","","","9","0","","","","","","","370","225","224","225","228","228","228","263","220"
"로산나 : 시크 오션","592280","33581","풍압","버스트2","테트라","AR","지원형","3","0","30","7","10","10","0.00","11.81","0.00","5.71","0.00","11.81","11.81","5.00","23.62","SR 5","","","10","0","차속","4.92","","","","","10","0","명중","11.81","방어","11.81","크확","5.71","10","0","방어","11.81","","","","","10","0","공증","11.81","차댐","11.81","","","370","225","224","225","228","228","228","263","220"
"마르차나 : 마린 스터디","694633","50140","철갑","버스트3","엘리시온","AR","화력형","3","1","30","10","10","10","94.22","38.26","0.00","2.64","14.48","5.47","6.18","3.00","0.00","SR 15","","","10","5","차댐","6.18","공증","13.93","우코","17.95","10","4","우코","19.35","크확","2.64","차속","2.86","10","5","명중","5.47","공증","13.22","우코","27.76","10","0","우코","29.16","공증","11.11","크댐","14.48","370","225","224","225","228","228","228","263","220"
"니힐리스타","322713","8397","작열","버스트2","필그림","SR","화력형","0","0","8","1","1","1","0.00","0.00","0.00","0.00","0.00","0.00","0.00","0.00","0.00","R 0","","","9","0","","","","","","","9","0","","","","","","","9","0","","","","","","","9","0","","","","","","","370","225","224","225","228","228","228","263","220"
"아니스","289611","9116","철갑","버스트2","테트라","RL","방어형","2","0","30","1","1","1","0.00","0.00","0.00","0.00","0.00","0.00","0.00","0.00","0.00","R 0","","","9","0","","","","","","","9","0","","","","","","","9","0","","","","","","","9","0","","","","","","","370","225","224","225","228","228","228","263","220"
"노벨","375633","9537","철갑","버스트2","테트라","SMG","방어형","3","6","11","1","1","1","0.00","0.00","0.00","0.00","0.00","0.00","0.00","0.00","0.00","R 0","","","9","0","","","","","","","9","0","","","","","","","9","0","","","","","","","9","0","","","","","","","370","225","224","225","228","228","228","263","220"
"미사토","273864","9021","철갑","버스트1","어브노멀","SMG","지원형","2","0","30","1","1","1","0.00","0.00","0.00","0.00","0.00","0.00","0.00","0.00","0.00","","","","9","0","","","","","","","9","0","","","","","","","9","0","","","","","","","9","0","","","","","","","370","225","224","225","228","228","228","263","220"
"시그널","382636","9737","작열","버스트2","엘리시온","SMG","화력형","3","6","15","1","1","1","0.00","0.00","0.00","0.00","0.00","0.00","0.00","0.00","0.00","R 0","","","9","0","","","","","","","9","0","","","","","","","9","0","","","","","","","9","0","","","","","","","370","225","224","225","228","228","228","263","220"
"파스칼","282357","9055","철갑","버스트1","어브노멀","RL","지원형","2","0","30","1","1","1","0.00","0.00","0.00","0.00","0.00","0.00","0.00","0.00","0.00","","","","9","0","","","","","","","9","0","","","","","","","9","0","","","","","","","9","0","","","","","","","370","225","224","225","228","228","228","263","220"
"아이기스","272594","8270","철갑","버스트2","어브노멀","SMG","지원형","2","0","10","1","1","1","0.00","0.00","0.00","0.00","0.00","0.00","0.00","0.00","0.00","","","","9","0","","","","","","","9","0","","","","","","","9","0","","","","","","","9","0","","","","","","","370","225","224","225","228","228","228","263","220"
"소다 : 트윙클링 바니","759959","50960","철갑","버스트3","테트라","SG","화력형","3","7","30","10","10","10","95.63","17.28","27.84","0.00","0.00","11.81","11.81","0.00","0.00","SR 15","택티컬 베어 큐브","15","10","0","우코","23.56","공증","11.81","차댐","11.81","10","0","우코","22.15","","","공증","5.47","10","0","장탄","27.84","우코","26.36","","","10","0","우코","23.56","명중","11.81","","","370","225","224","225","228","228","228","263","220"
"앵커","278564","9076","풍압","버스트1","엘리시온","RL","방어형","2","0","29","1","1","1","0.00","0.00","0.00","0.00","0.00","0.00","0.00","0.00","0.00","","","","9","0","","","","","","","9","0","","","","","","","9","0","","","","","","","9","0","","","","","","","370","225","224","225","228","228","228","263","220"
"루드밀라","388116","10358","수냉","버스트1","테트라","SMG","방어형","3","5","23","1","2","4","0.00","0.00","0.00","0.00","0.00","0.00","0.00","0.00","0.00","R 0","","","9","0","","","","","","","9","0","","","","","","","9","0","","","","","","","9","0","","","","","","","370","225","224","225","228","228","228","263","220"
"에피넬","391169","10436","풍압","버스트3","미실리스","SMG","화력형","3","7","27","1","1","1","0.00","0.00","0.00","0.00","0.00","0.00","0.00","0.00","0.00","R 0","","","9","1","","","","","","","9","0","","","","","","","9","0","","","","","","","9","0","","","","","","","370","225","224","225","228","228","228","263","220"
"베스티 : 택티컬 업","632274","33713","작열","버스트3","엘리시온","RL","화력형","3","7","30","7","7","7","12.34","20.81","48.39","9.37","7.62","6.88","22.21","0.00","0.00","SR 5","","","10","0","크확","5.71","공증","11.81","차댐","11.81","10","0","명중","6.88","우코","12.34","","","10","0","차댐","10.40","","","공증","9.00","10","0","장탄","48.39","크댐","7.62","크확","3.66","370","225","224","225","228","228","228","263","220"
"프로덕트 08","238895","7811","전격","버스트1","미실리스","SR","지원형","0","0","1","1","1","1","0.00","0.00","0.00","0.00","0.00","0.00","0.00","0.00","0.00","","","","0","0","","","","","","","0","0","","","","","","","0","0","","","","","","","0","0","","","","","","","370","225","224","225","228","228","228","263","220"
"맥스웰","680588","39575","철갑","버스트3","미실리스","SR","화력형","3","7","30","10","4","10","0.00","20.11","219.12","0.00","0.00","10.40","22.92","5.00","0.00","SR 5","","","10","5","명중","10.40","공증","11.11","","","10","0","장탄","85.37","차댐","11.11","","","10","2","공증","9.00","","","장탄","64.82","10","0","차댐","11.81","차속","4.92","장탄","68.93","370","225","224","225","228","228","228","263","220"
"리버렐리오","732082","55978","풍압","버스트3","필그림","SR","화력형","3","2","40","10","10","10","98.42","22.22","73.04","0.00","12.52","0.00","7.59","15.00","0.00","SR 15","","","10","5","우코","26.36","차속","6.09","크댐","12.52","10","5","우코","20.75","장탄","73.04","공증","9.70","10","5","공증","12.52","차속","4.63","우코","22.15","10","0","우코","29.16","차댐","7.59","차속","4.63","370","225","224","225","228","228","228","263","220"
"누아르","589923","25885","풍압","버스트3","테트라","SG","화력형","3","7","30","7","9","4","22.15","11.81","68.93","0.00","14.48","11.81","0.00","0.00","11.81","R 0","","","10","0","방어","11.81","","","","","10","0","명중","11.81","","","","","10","1","장탄","68.93","","","공증","11.81","10","0","우코","22.15","크댐","14.48","","","370","225","224","225","228","228","228","263","220"
"레오나","439814","11774","수냉","버스트2","테트라","SG","지원형","3","7","30","4","7","4","0.00","0.00","0.00","0.00","0.00","0.00","0.00","0.00","0.00","R 0","","","9","0","","","","","","","9","0","","","","","","","9","0","","","","","","","9","0","","","","","","","370","225","224","225","228","228","228","263","220"
"사쿠라","273572","9021","수냉","버스트1","어브노멀","SMG","지원형","2","0","30","1","1","1","0.00","0.00","0.00","0.00","0.00","0.00","0.00","0.00","0.00","","","","9","0","","","","","","","9","0","","","","","","","9","0","","","","","","","9","0","","","","","","","370","225","224","225","228","228","228","263","220"
"헬름 : 아쿠아마린","562684","25567","철갑","버스트2","엘리시온","AR","화력형","3","0","30","4","10","4","23.56","0.00","137.86","0.00","16.44","0.00","23.62","0.00","23.62","R 0","","","10","0","장탄","68.93","차댐","11.81","","","10","0","우코","23.56","","","","","10","0","장탄","68.93","크댐","16.44","방어","11.81","10","0","차댐","11.81","방어","11.81","","","370","225","224","225","228","228","228","263","220"
"솔린","460432","15638","철갑","버스트3","엘리시온","SMG","화력형","3","7","30","1","1","1","23.56","0.00","0.00","0.00","0.00","11.81","0.00","0.00","0.00","R 0","렐릭 비고르 큐브","7","10","0","우코","23.56","","","명중","11.81","9","0","","","","","","","9","0","","","","","","","9","0","","","","","","","370","225","224","225","228","228","228","263","220"
"미하라","287912","9166","수냉","버스트3","미실리스","AR","화력형","2","0","30","1","1","1","0.00","0.00","0.00","0.00","0.00","0.00","0.00","0.00","0.00","","","","9","0","","","","","","","9","0","","","","","","","9","0","","","","","","","9","0","","","","","","","370","225","224","225","228","228","228","263","220"
"미하라 : 본딩 체인","727063","58672","작열","버스트3","미실리스","MG","화력형","3","2","40","10","10","10","94.22","40.90","52.50","9.03","9.58","0.00","0.00","0.00","0.00","SR 15","렐릭 베어 큐브","15","10","5","크댐","9.58","우코","24.96","공증","10.40","10","5","공증","8.29","장탄","52.50","우코","22.15","10","5","우코","20.75","공증","11.81","크확","5.37","10","0","크확","3.66","우코","26.36","공증","10.40","370","225","224","225","228","228","228","263","220"
"브리드 : 사일런트 트랙","582869","40606","작열","버스트2","엘리시온","SG","지원형","3","0","30","10","10","10","83.00","0.00","27.84","0.00","7.62","15.88","0.00","3.00","0.00","SR 15","","","10","5","우코","22.15","명중","4.77","","","10","0","우코","22.15","명중","11.11","","","10","0","차속","3.16","크댐","7.62","우코","20.75","10","0","장탄","27.84","우코","17.95","","","370","225","224","225","228","228","228","263","220"
"라플라스","608061","37746","철갑","버스트3","미실리스","RL","화력형","3","7","30","4","4","4","23.56","11.81","68.93","0.00","16.44","0.00","11.81","0.00","11.81","애장품 ★★★","","","10","0","장탄","68.93","방어","11.81","","","10","0","크댐","16.44","","","","","10","0","차댐","11.81","","","공증","11.81","10","0","우코","23.56","","","","","370","225","224","225","228","228","228","263","220"
"아스카 : WILLE","558556","40763","풍압","버스트3","어브노멀","MG","화력형","3","0","30","10","7","7","83.00","9.70","0.00","0.00","12.52","0.00","4.77","6.00","0.00","SR 15","","","10","5","크댐","12.52","차속","2.57","우코","20.75","10","1","우코","20.75","차속","3.16","","","10","3","우코","19.35","차댐","4.77","","","10","0","우코","22.15","공증","9.70","","","370","225","224","225","228","228","228","263","220"
"소라","356486","8852","풍압","버스트1","엘리시온","RL","지원형","3","1","14","1","1","1","0.00","0.00","0.00","0.00","0.00","0.00","0.00","0.00","0.00","R 0","","","9","0","","","","","","","9","0","","","","","","","9","0","","","","","","","9","0","","","","","","","370","225","224","225","228","228","228","263","220"
"마스트 : 로망틱 메이드","715225","54146","수냉","버스트2","엘리시온","MG","지원형","3","7","30","10","10","10","23.56","0.00","68.93","0.00","16.44","11.81","11.81","5.00","11.81","SR 15","렐릭 베어 큐브","15","10","5","명중","11.81","","","","","10","5","차속","4.92","차댐","11.81","","","10","5","방어","11.81","장탄","68.93","크댐","16.44","10","0","우코","23.56","","","","","370","225","224","225","228","228","228","263","220"
"도로시 : 세렌디피티","668008","50315","수냉","버스트3","필그림","SG","화력형","3","0","40","10","10","10","87.22","6.88","96.77","11.07","16.44","0.00","11.11","0.00","0.00","SR 15","","","10","5","크확","4.00","우코","23.56","크댐","16.44","10","3","장탄","40.17","우코","24.96","공증","6.88","10","5","크확","7.07","","","우코","19.35","10","0","차댐","11.11","우코","19.35","장탄","56.60","370","225","224","225","228","228","228","263","220"
"람","267432","8983","풍압","버스트1","어브노멀","SR","방어형","2","0","30","1","1","1","0.00","0.00","0.00","0.00","0.00","0.00","0.00","0.00","0.00","","","","9","0","","","","","","","9","0","","","","","","","9","0","","","","","","","9","0","","","","","","","370","225","224","225","228","228","228","263","220"
"에테르","276596","8366","전격","버스트1","미실리스","SG","방어형","2","0","10","1","1","1","0.00","0.00","0.00","0.00","0.00","0.00","0.00","0.00","0.00","","","","9","0","","","","","","","9","0","","","","","","","9","0","","","","","","","9","0","","","","","","","370","225","224","225","228","228","228","263","220"
"아르카나 : 포츈 메이트","707431","51267","작열","버스트2","엘리시온","SG","화력형","3","5","30","10","10","10","87.21","12.36","40.17","5.03","14.48","0.00","0.00","0.00","0.00","SR 15","택티컬 베어 큐브","15","10","5","우코","19.35","크확","5.03","장탄","40.17","10","1","우코","19.35","공증","6.18","","","10","3","크댐","14.48","","","우코","20.75","10","0","우코","27.76","공증","6.18","","","370","225","224","225","228","228","228","263","220"
"페퍼","430993","11537","풍압","버스트1","미실리스","SG","지원형","3","7","30","4","4","4","0.00","0.00","0.00","0.00","0.00","0.00","0.00","0.00","0.00","R 0","","","9","0","","","","","","","9","0","","","","","","","9","0","","","","","","","9","0","","","","","","","370","225","224","225","228","228","228","263","220"
"델타","266910","8461","풍압","버스트2","엘리시온","SR","방어형","2","0","14","1","1","1","0.00","0.00","0.00","0.00","0.00","0.00","0.00","0.00","0.00","","","","9","0","","","","","","","9","0","","","","","","","9","0","","","","","","","9","0","","","","","","","370","225","224","225","228","228","228","263","220"
"은화 : 택티컬 업","634101","28345","작열","버스트2","엘리시온","SR","화력형","3","7","30","7","7","7","23.56","0.00","68.93","0.00","0.00","11.81","0.00","10.00","35.43","R 0","","","10","0","차속","4.92","","","","","10","0","방어","11.81","","","장탄","68.93","10","0","차속","4.92","방어","11.81","","","10","0","우코","23.56","명중","11.81","방어","11.81","370","225","224","225","228","228","228","263","220"
"유키코","565697","41611","작열","버스트3","어브노멀","MG","화력형","0","0","10","9","9","9","90.02","28.39","36.06","0.00","7.62","0.00","0.00","3.00","0.00","SR 15","","","10","5","차속","3.45","우코","24.96","공증","5.47","10","1","우코","22.15","공증","11.11","크댐","7.62","10","3","우코","23.56","","","공증","11.81","10","0","우코","19.35","","","장탄","36.06","370","225","224","225","228","228","228","263","220"
"바이퍼","674985","42036","수냉","버스트2","테트라","SG","화력형","3","7","30","10","10","10","62.26","9.70","73.04","4.00","0.00","6.88","0.00","3.00","0.00","애장품 ★★★","","","10","0","우코","13.75","","","","","10","0","우코","27.76","","","크확","4.00","10","0","장탄","73.04","우코","20.75","","","10","0","명중","6.88","공증","9.70","차속","3.16","370","225","224","225","228","228","228","263","220"
"크러스트","364036","9665","수냉","버스트2","테트라","RL","지원형","3","2","30","1","1","1","0.00","0.00","0.00","0.00","0.00","0.00","0.00","0.00","0.00","R 0","","","9","0","","","","","","","9","0","","","","","","","9","0","","","","","","","9","0","","","","","","","370","225","224","225","228","228","228","263","220"
"그레이브","583318","38520","작열","버스트2","필그림","AR","지원형","3","4","40","10","7","10","42.65","11.81","0.00","0.00","0.00","0.00","7.59","3.00","6.88","SR 15","","","10","0","차속","3.16","우코","13.75","","","10","0","우코","13.75","차댐","7.59","방어","6.88","10","0","공증","11.81","","","","","10","0","우코","15.15","","","","","370","225","224","225","228","228","228","263","220"
"앨리스 : 원더랜드 바니","413284","11298","수냉","버스트1","테트라","SMG","지원형","3","6","30","4","4","4","0.00","0.00","0.00","0.00","0.00","0.00","0.00","0.00","0.00","R 0","","","9","0","","","","","","","9","0","","","","","","","9","0","","","","","","","9","0","","","","","","","370","225","224","225","228","228","228","263","220"
"마스트","441897","12897","전격","버스트2","엘리시온","SMG","지원형","3","7","29","4","4","4","0.00","0.00","0.00","0.00","0.00","0.00","0.00","0.00","0.00","R 0","택티컬 부스트 큐브","8","9","0","","","","","","","9","0","","","","","","","9","0","","","","","","","9","0","","","","","","","370","225","224","225","228","228","228","263","220"
"솔져 O.W.","249803","7818","작열","버스트1","엘리시온","SMG","지원형","0","0","1","1","1","1","0.00","0.00","0.00","0.00","0.00","0.00","0.00","0.00","0.00","R 0","","","0","0","","","","","","","0","0","","","","","","","0","0","","","","","","","0","0","","","","","","","370","225","224","225","228","228","228","263","220"
"비스킷","645746","28715","전격","버스트2","테트라","RL","지원형","3","7","30","7","7","7","47.12","23.62","68.93","0.00","0.00","0.00","0.00","0.00","11.81","SR 0","렐릭 퀀텀 큐브","8","10","0","우코","23.56","","","","","10","0","장탄","68.93","공증","11.81","","","10","0","우코","23.56","공증","11.81","","","10","0","방어","11.81","","","","","370","225","224","225","228","228","228","263","220"
"델타 : 닌자 시프","551246","25857","수냉","버스트2","엘리시온","MG","방어형","3","2","30","10","4","4","23.56","23.62","0.00","5.71","32.88","11.81","0.00","0.00","11.81","R 0","","","10","0","크댐","16.44","","","","","10","0","명중","11.81","","","크확","5.71","10","0","공증","11.81","방어","11.81","","","10","0","크댐","16.44","공증","11.81","우코","23.56","370","225","224","225","228","228","228","263","220"
"츠바이","660178","41708","전격","버스트1","엘리시온","SG","지원형","3","6","30","10","10","10","23.56","0.00","0.00","0.00","16.44","0.00","35.43","0.00","11.81","애장품 ★★★","","","10","0","우코","23.56","차댐","11.81","방어","11.81","10","0","크댐","16.44","","","","","10","0","차댐","11.81","","","","","10","0","차댐","11.81","","","","","370","225","224","225","228","228","228","263","220"
"메어리","375159","9330","수냉","버스트1","테트라","SG","지원형","3","4","13","1","1","1","0.00","0.00","0.00","0.00","0.00","0.00","0.00","0.00","0.00","R 0","","","9","0","","","","","","","9","0","","","","","","","9","0","","","","","","","9","0","","","","","","","370","225","224","225","228","228","228","263","220"
"홍련 : 흑영","759302","53622","풍압","버스트3","필그림","RL","화력형","3","7","40","10","7","10","99.83","31.21","40.17","0.00","0.00","0.00","0.00","9.00","6.18","SR 15","","","10","5","우코","29.16","공증","9.70","차속","5.80","10","5","공증","11.81","차속","2.57","우코","23.56","10","5","우코","22.15","공증","9.70","방어","6.18","10","0","우코","24.96","장탄","40.17","","","370","225","224","225","228","228","228","263","220"
"프림","393035","18924","철갑","버스트1","테트라","SR","지원형","3","4","30","1","1","1","0.00","0.00","0.00","0.00","0.00","0.00","0.00","0.00","0.00","애장품 ★★★","","","9","0","","","","","","","9","0","","","","","","","9","0","","","","","","","9","0","","","","","","","370","225","224","225","228","228","228","263","220"
"볼륨","441839","11997","풍압","버스트1","테트라","SMG","화력형","3","7","30","1","7","7","0.00","0.00","0.00","0.00","0.00","0.00","0.00","0.00","0.00","R 0","","","9","0","","","","","","","9","0","","","","","","","9","0","","","","","","","9","0","","","","","","","370","225","224","225","228","228","228","263","220"
"노이즈","625492","34646","전격","버스트1","테트라","RL","지원형","3","7","30","7","7","7","23.56","11.81","68.93","0.00","0.00","11.81","0.00","0.00","11.81","SR 5","렐릭 퀀텀 큐브","8","10","0","명중","11.81","","","","","10","0","우코","23.56","","","","","10","0","방어","11.81","","","장탄","68.93","10","0","공증","11.81","","","","","370","225","224","225","228","228","228","263","220"
"밀크 : 블루밍 바니","714543","46065","철갑","버스트3","테트라","SR","화력형","3","6","30","10","10","10","92.82","8.29","0.00","14.41","0.00","0.00","0.00","4.00","11.81","SR 15","","","10","0","우코","23.56","크확","5.71","방어","11.81","10","0","크확","4.35","공증","8.29","우코","26.36","10","0","차속","4.33","우코","22.15","","","10","0","크확","4.35","","","우코","20.75","370","225","224","225","228","228","228","263","220"
"목단","719108","48225","전격","버스트1","테트라","AR","방어형","3","7","30","7","10","10","23.56","35.43","100.88","0.00","0.00","21.51","0.00","8.00","0.00","애장품 ★★★","","","10","5","명중","11.81","우코","23.56","공증","11.81","10","4","공증","11.81","차속","4.92","","","10","3","명중","9.70","장탄","31.95","차속","2.86","10","0","장탄","68.93","공증","11.81","","","370","225","224","225","228","228","228","263","220"
"마리","459705","26804","전격","버스트2","어브노멀","SR","지원형","0","0","10","1","1","1","0.00","11.81","68.93","5.71","0.00","0.00","35.43","0.00","11.81","SR 5","","","10","0","차댐","11.81","장탄","68.93","","","10","0","공증","11.81","크확","5.71","차댐","11.81","10","0","방어","11.81","","","","","10","0","차댐","11.81","","","","","370","225","224","225","228","228","228","263","220"
"릴리","273572","9021","풍압","버스트2","어브노멀","SMG","지원형","2","0","30","1","1","1","0.00","0.00","0.00","0.00","0.00","0.00","0.00","0.00","0.00","","","","9","0","","","","","","","9","0","","","","","","","9","0","","","","","","","9","0","","","","","","","370","225","224","225","228","228","228","263","220"
"아비스타","337795","9251","전격","버스트1","엘리시온","MG","지원형","3","0","30","1","1","1","0.00","0.00","0.00","0.00","0.00","0.00","0.00","0.00","0.00","R 0","","","9","0","","","","","","","9","0","","","","","","","9","0","","","","","","","9","0","","","","","","","370","225","224","225","228","228","228","263","220"
"도라","419823","11544","풍압","버스트2","테트라","SR","지원형","3","5","30","7","7","4","0.00","0.00","0.00","0.00","0.00","0.00","0.00","0.00","0.00","R 0","","","9","0","","","","","","","9","0","","","","","","","9","0","","","","","","","9","0","","","","","","","370","225","224","225","228","228","228","263","220"
"나유타","695809","52629","풍압","버스트2","필그림","SMG","지원형","3","3","40","10","10","10","101.23","25.58","117.32","2.30","0.00","0.00","14.63","0.00","0.00","SR 15","","","10","5","우코","29.16","크확","2.30","공증","8.29","10","5","차댐","14.63","우코","24.96","","","10","5","공증","11.11","우코","22.15","장탄","36.06","10","0","장탄","81.26","공증","6.18","우코","24.96","370","225","224","225","228","228","228","263","220"
"아니스 : 스파클링 서머","629810","45473","전격","버스트3","테트라","SG","지원형","3","0","30","10","10","10","92.81","8.29","0.00","0.00","23.08","9.00","15.88","0.00","0.00","SR 15","","","10","5","명중","9.00","공증","8.29","우코","19.35","10","1","차댐","7.59","우코","22.15","","","10","5","크댐","8.60","차댐","8.29","우코","29.16","10","0","크댐","14.48","우코","22.15","","","370","225","224","225","228","228","228","263","220"
"이사벨","738717","56619","전격","버스트3","필그림","SG","화력형","3","5","40","10","4","10","92.83","9.00","64.82","5.71","0.00","14.64","6.18","0.00","0.00","SR 15","택티컬 베어 큐브","15","10","5","명중","14.64","","","우코","26.36","10","5","우코","19.35","차댐","6.18","공증","9.00","10","3","우코","23.56","","","크확","5.71","10","1","우코","23.56","장탄","64.82","","","370","225","224","225","228","228","228","263","220"
"맥스웰 : 오디너리 미케닉","337948","8818","풍압","버스트2","미실리스","SR","지원형","3","0","19","1","1","1","0.00","0.00","0.00","0.00","0.00","0.00","0.00","0.00","0.00","R 0","","","9","0","","","","","","","9","0","","","","","","","9","0","","","","","","","9","0","","","","","","","370","225","224","225","228","228","228","263","220"
"네온 : 비전 아이","688451","52770","전격","버스트3","미실리스","RL","화력형","3","0","40","10","10","10","97.03","29.80","0.00","0.00","0.00","0.00","0.00","15.00","0.00","SR 15","","","10","5","차속","6.09","우코","27.76","","","10","5","공증","11.81","","","우코","23.56","10","5","우코","23.56","공증","9.70","차속","4.63","10","5","우코","22.15","공증","8.29","차속","4.33","370","225","224","225","228","228","228","263","220"
"루피","403632","10620","철갑","버스트2","테트라","AR","화력형","3","7","30","1","1","1","0.00","0.00","0.00","0.00","0.00","0.00","0.00","0.00","0.00","R 0","","","9","0","","","","","","","9","0","","","","","","","9","0","","","","","","","9","0","","","","","","","370","225","224","225","228","228","228","263","220"
"미란다","582825","38823","작열","버스트1","엘리시온","SMG","지원형","3","3","30","7","10","10","23.56","0.00","68.93","0.00","16.44","11.81","11.81","0.00","0.00","애장품 ★★★","","","10","0","우코","23.56","크댐","16.44","","","10","0","명중","11.81","","","","","10","0","차댐","11.81","","","","","10","0","장탄","68.93","","","","","370","225","224","225","228","228","228","263","220"
"모리","356194","8767","풍압","버스트2","미실리스","AR","방어형","3","1","12","1","1","1","0.00","0.00","0.00","0.00","0.00","0.00","0.00","0.00","0.00","R 0","","","9","0","","","","","","","9","0","","","","","","","9","0","","","","","","","9","0","","","","","","","370","225","224","225","228","228","228","263","220"
"에밀리아","578694","26305","수냉","버스트3","어브노멀","RL","화력형","3","0","30","7","7","7","47.12","0.00","68.93","11.42","32.88","11.81","0.00","0.00","0.00","R 0","","","10","0","크댐","16.44","크확","5.71","우코","23.56","10","0","우코","23.56","","","","","10","0","크확","5.71","명중","11.81","","","10","0","장탄","68.93","","","크댐","16.44","370","225","224","225","228","228","228","263","220"
"메이든","398939","10608","전격","버스트3","엘리시온","SG","화력형","3","7","30","1","1","1","0.00","0.00","0.00","0.00","0.00","0.00","0.00","0.00","0.00","R 0","","","9","0","","","","","","","9","0","","","","","","","9","0","","","","","","","9","0","","","","","","","370","225","224","225","228","228","228","263","220"
"폴리","393911","10557","수냉","버스트2","엘리시온","SG","방어형","3","7","30","1","1","1","0.00","0.00","0.00","0.00","0.00","0.00","0.00","0.00","0.00","R 0","","","9","0","","","","","","","9","0","","","","","","","9","0","","","","","","","9","0","","","","","","","370","225","224","225","228","228","228","263","220"
"마나","634890","35220","풍압","버스트3","미실리스","AR","화력형","3","7","30","7","7","7","62.26","5.47","36.06","2.98","24.06","18.69","0.00","0.00","0.00","SR 5","","","10","5","공증","5.47","크확","2.98","크댐","15.46","10","0","우코","20.75","장탄","36.06","명중","6.88","10","0","명중","11.81","우코","23.56","","","10","0","우코","17.95","크댐","8.60","","","370","225","224","225","228","228","228","263","220"
"벨벳","591569","33248","풍압","버스트2","테트라","SR","지원형","3","5","30","7","10","7","23.56","0.00","68.93","0.00","0.00","0.00","23.62","5.00","11.81","SR 5","","","10","0","방어","11.81","차댐","11.81","","","10","0","차댐","11.81","","","","","10","0","차속","4.92","장탄","68.93","","","10","0","우코","23.56","","","","","370","225","224","225","228","228","228","263","220"
"아르카나","756001","53529","전격","버스트2","엘리시온","RL","지원형","3","7","30","10","10","10","0.00","11.81","0.00","5.71","32.88","0.00","11.81","5.00","23.62","SR 15","택티컬 베어 큐브","15","10","5","방어","11.81","","","","","10","1","크댐","16.44","","","크확","5.71","10","3","차댐","11.81","방어","11.81","","","10","0","차속","4.92","크댐","16.44","공증","11.81","370","225","224","225","228","228","228","263","220"
"2B","356818","9368","작열","버스트3","어브노멀","AR","방어형","3","1","30","1","1","1","0.00","0.00","0.00","0.00","0.00","0.00","0.00","0.00","0.00","R 0","","","9","0","","","","","","","9","0","","","","","","","9","0","","","","","","","9","0","","","","","","","370","225","224","225","228","228","228","263","220"
"플로라","615441","41988","전격","버스트2","미실리스","MG","지원형","3","7","30","7","7","7","0.00","0.00","68.93","5.71","32.88","0.00","11.81","5.00","0.00","애장품 ★★★","","","10","5","크확","5.71","","","크댐","16.44","10","1","크댐","16.44","","","","","10","3","차댐","11.81","","","","","10","0","차속","4.92","장탄","68.93","","","370","225","224","225","228","228","228","263","220"
"벨로타","285521","8403","전격","버스트2","테트라","RL","화력형","2","0","10","1","1","1","0.00","0.00","0.00","0.00","0.00","0.00","0.00","0.00","0.00","","","","9","0","","","","","","","9","0","","","","","","","9","0","","","","","","","9","0","","","","","","","370","225","224","225","228","228","228","263","220"
"레이블","350017","9274","철갑","버스트1","엘리시온","AR","방어형","3","0","30","1","1","1","0.00","0.00","0.00","0.00","0.00","0.00","0.00","0.00","0.00","R 0","","","9","0","","","","","","","9","0","","","","","","","9","0","","","","","","","9","0","","","","","","","370","225","224","225","228","228","228","263","220"
"앨리스","774743","59457","작열","버스트3","테트라","SR","화력형","3","7","30","10","4","10","87.21","9.00","173.92","0.00","0.00","0.00","0.00","15.00","0.00","SR 15","렐릭 베어 큐브","15","10","5","우코","20.75","장탄","36.06","","","10","5","공증","9.00","차속","3.75","우코","24.96","10","5","차속","5.21","우코","19.35","장탄","60.71","10","5","차속","6.09","우코","22.15","장탄","77.15","370","225","224","225","228","228","228","263","220"
"자칼","616988","34301","철갑","버스트1","미실리스","RL","방어형","3","7","30","4","4","4","70.68","11.81","0.00","0.00","0.00","11.81","0.00","5.00","0.00","SR 5","렐릭 부스트 큐브","8","10","0","명중","11.81","","","","","10","0","우코","23.56","","","","","10","0","우코","23.56","","","","","10","0","공증","11.81","차속","4.92","우코","23.56","370","225","224","225","228","228","228","263","220"
"리틀 머메이드","697817","51704","풍압","버스트1","필그림","SMG","지원형","3","5","40","10","10","10","94.22","29.10","0.00","0.00","0.00","20.81","0.00","0.00","6.88","SR 15","","","10","5","공증","6.88","우코","24.96","","","10","5","우코","27.76","방어","6.88","공증","11.11","10","5","우코","20.75","명중","9.70","공증","11.11","10","0","명중","11.11","","","우코","20.75","370","225","224","225","228","228","228","263","220"
"라피","286252","8583","작열","버스트3","엘리시온","AR","화력형","2","0","15","1","1","1","0.00","0.00","0.00","0.00","0.00","0.00","0.00","0.00","0.00","","","","9","0","","","","","","","9","0","","","","","","","9","0","","","","","","","9","0","","","","","","","370","225","224","225","228","228","228","263","220"
"드레이크","768894","54570","작열","버스트3","미실리스","SG","화력형","3","7","30","10","10","10","87.20","25.74","81.26","0.00","0.00","0.00","0.00","4.00","0.00","애장품 ★★★","택티컬 베어 큐브","15","10","5","우코","22.15","","","공증","11.11","10","1","우코","22.15","","","차속","3.75","10","3","공증","14.63","","","우코","22.15","10","0","우코","20.75","","","장탄","81.26","370","225","224","225","228","228","228","263","220"
"라푼젤","619744","42390","철갑","버스트1","필그림","RL","지원형","3","3","40","7","5","6","0.00","23.62","0.00","0.00","16.44","11.81","11.81","5.00","23.62","R 5","택티컬 부스트 큐브","8","10","5","공증","11.81","","","명중","11.81","10","5","차댐","11.81","차속","4.92","방어","11.81","10","4","방어","11.81","","","","","10","2","공증","11.81","크댐","16.44","","","370","225","224","225","228","228","228","263","220"
"리타","612373","29327","철갑","버스트1","미실리스","SMG","지원형","3","7","30","10","4","10","0.00","0.00","0.00","12.10","10.56","18.69","0.00","10.00","7.59","R 0","","","10","3","크댐","10.56","","","","","10","3","명중","6.88","크확","6.39","방어","7.59","10","1","차속","4.92","명중","11.81","크확","5.71","10","0","차속","4.92","","","","","370","225","224","225","228","228","228","263","220"
"애드미","385033","10547","풍압","버스트2","미실리스","SR","지원형","3","7","30","1","1","1","0.00","0.00","0.00","0.00","0.00","0.00","0.00","0.00","0.00","R 0","","","9","0","","","","","","","9","0","","","","","","","9","0","","","","","","","9","0","","","","","","","370","225","224","225","228","228","228","263","220"
"라플라스 : 얼티밋 히어로","352343","8872","풍압","버스트3","미실리스","RL","화력형","3","0","19","1","1","1","0.00","0.00","0.00","0.00","0.00","0.00","0.00","0.00","0.00","R 0","","","9","0","","","","","","","9","0","","","","","","","9","0","","","","","","","9","0","","","","","","","370","225","224","225","228","228","228","263","220"
"네온 : 블루 오션","340768","9271","수냉","버스트3","엘리시온","MG","화력형","3","0","30","1","1","1","0.00","0.00","0.00","0.00","0.00","0.00","0.00","0.00","0.00","R 0","","","9","0","","","","","","","9","0","","","","","","","9","0","","","","","","","9","0","","","","","","","370","225","224","225","228","228","228","263","220"
"사쿠라","383945","9968","작열","버스트1","테트라","SR","지원형","3","7","17","1","1","1","0.00","0.00","0.00","0.00","0.00","0.00","0.00","0.00","0.00","R 0","","","9","0","","","","","","","9","0","","","","","","","9","0","","","","","","","9","0","","","","","","","370","225","224","225","228","228","228","263","220"
"레드 후드","673728","49964","철갑","ALL","필그림","SR","화력형","3","7","40","10","10","10","81.60","19.40","63.90","5.62","10.56","0.00","0.00","0.00","0.00","SR 15","","","10","5","우코","22.15","크확","2.98","장탄","31.95","10","5","우코","19.35","장탄","31.95","크확","2.64","10","5","공증","11.11","우코","20.75","크댐","10.56","10","5","공증","8.29","우코","19.35","","","370","225","224","225","228","228","228","263","220"
"유니","395605","10562","작열","버스트2","미실리스","RL","방어형","3","7","30","1","1","1","0.00","0.00","0.00","0.00","0.00","0.00","0.00","0.00","0.00","R 0","","","9","0","","","","","","","9","0","","","","","","","9","0","","","","","","","9","0","","","","","","","370","225","224","225","228","228","228","263","220"
"미카","280727","8495","풍압","버스트1","테트라","RL","지원형","2","0","13","1","1","1","0.00","0.00","0.00","0.00","0.00","0.00","0.00","0.00","0.00","","","","9","0","","","","","","","9","0","","","","","","","9","0","","","","","","","9","0","","","","","","","370","225","224","225","228","228","228","263","220"
"메이든 : 아이스 로즈","624045","44377","전격","버스트3","엘리시온","RL","방어형","3","0","30","10","10","10","81.60","30.50","44.28","0.00","0.00","0.00","11.11","3.00","0.00","SR 15","","","10","5","차속","2.57","","","우코","20.75","10","1","공증","8.29","우코","22.15","장탄","44.28","10","3","차댐","11.11","우코","20.75","공증","10.40","10","0","우코","17.95","","","공증","11.81","370","225","224","225","228","228","228","263","220"
"라피 : 레드 후드","826868","66551","작열","버스트3","엘리시온","MG","화력형","3","4","40","10","10","10","113.84","48.66","194.47","0.00","11.54","0.00","0.00","0.00","0.00","SR 15","렐릭 베어 큐브","15","10","5","장탄","48.39","공증","13.93","우코","29.16","10","5","우코","26.36","공증","10.40","크댐","11.54","10","5","공증","9.70","장탄","81.26","우코","29.16","10","5","공증","14.63","우코","29.16","장탄","64.82","370","225","224","225","228","228","228","263","220"
"브리드","401957","9796","수냉","버스트3","엘리시온","AR","화력형","3","7","11","1","1","1","0.00","0.00","0.00","0.00","0.00","0.00","0.00","0.00","0.00","R 0","","","9","0","","","","","","","9","0","","","","","","","9","0","","","","","","","9","0","","","","","","","370","225","224","225","228","228","228","263","220"
"홍련","629205","41087","전격","버스트3","필그림","AR","화력형","3","3","40","10","4","10","87.20","11.81","80.34","3.66","0.00","0.00","0.00","3.00","4.77","SR 5","","","10","5","우코","22.15","공증","11.81","장탄","44.28","10","5","방어","4.77","","","우코","22.15","10","5","차속","3.16","우코","22.15","장탄","36.06","10","4","우코","20.75","크확","3.66","","","370","225","224","225","228","228","228","263","220"
"키리","398017","10100","풍압","버스트3","엘리시온","RL","지원형","3","7","19","1","1","1","0.00","0.00","0.00","0.00","0.00","0.00","0.00","0.00","0.00","R 0","","","9","0","","","","","","","9","0","","","","","","","9","0","","","","","","","9","0","","","","","","","370","225","224","225","228","228","228","263","220"
"아니스 : 스타","722766","59675","전격","버스트1","테트라","RL","방어형","3","0","40","10","10","10","97.03","29.10","52.50","0.00","47.36","0.00","0.00","0.00","5.47","SR 15","렐릭 베어 큐브","15","10","5","우코","26.36","크댐","20.36","공증","7.59","10","5","공증","9.70","우코","19.35","방어","5.47","10","5","크댐","18.40","공증","11.81","우코","27.76","10","5","장탄","52.50","우코","23.56","크댐","8.60","370","225","224","225","228","228","228","263","220"
"E.H.","350583","9463","풍압","버스트3","엘리시온","SMG","화력형","3","1","30","1","1","1","0.00","0.00","0.00","0.00","0.00","0.00","0.00","0.00","0.00","R 0","","","9","0","","","","","","","9","0","","","","","","","9","0","","","","","","","9","0","","","","","","","370","225","224","225","228","228","228","263","220"
"프리바티","664942","41072","수냉","버스트3","엘리시온","AR","화력형","3","7","30","10","10","4","0.00","0.00","206.79","0.00","0.00","23.62","11.81","0.00","11.81","애장품 ★★★","","","10","0","방어","11.81","장탄","68.93","차댐","11.81","10","0","장탄","68.93","","","","","10","0","장탄","68.93","","","명중","11.81","10","0","명중","11.81","","","","","370","225","224","225","228","228","228","263","220"
"팬텀","680270","28120","수냉","버스트3","엘리시온","AR","화력형","3","6","30","7","7","7","23.56","0.00","0.00","0.00","0.00","23.62","35.43","0.00","23.62","애장품 ★☆☆","","","10","0","차댐","11.81","","","방어","11.81","10","0","차댐","11.81","방어","11.81","","","10","0","명중","11.81","","","차댐","11.81","10","0","명중","11.81","우코","23.56","","","370","225","224","225","228","228","228","263","220"
"코코아","364014","9774","작열","버스트1","테트라","SR","지원형","3","4","25","1","1","1","0.00","0.00","0.00","0.00","0.00","0.00","0.00","0.00","0.00","R 0","","","9","0","","","","","","","9","0","","","","","","","9","0","","","","","","","9","0","","","","","","","370","225","224","225","228","228","228","263","220"
"프리바티 : 언카인드 메이드","606709","25807","전격","버스트3","엘리시온","SG","화력형","3","7","30","7","7","7","23.29","15.88","133.75","4.35","0.00","0.00","5.47","4.00","8.29","SR 0","","","10","0","차댐","5.47","차속","4.04","장탄","64.82","10","0","우코","13.75","","","공증","9.00","10","0","장탄","68.93","공증","6.88","","","10","0","우코","9.54","크확","4.35","방어","8.29","370","225","224","225","228","228","228","263","220"
"율리아","768598","47473","철갑","버스트3","미실리스","AR","화력형","3","7","30","7","7","7","70.68","23.62","0.00","5.71","0.00","11.81","23.62","10.00","0.00","애장품 ★★★","","","10","0","차댐","11.81","우코","23.56","공증","11.81","10","0","차속","4.92","차댐","11.81","","","10","0","우코","23.56","크확","5.71","공증","11.81","10","0","명중","11.81","우코","23.56","차속","4.92","370","225","224","225","228","228","228","263","220"
"아스카","628307","39936","작열","버스트3","어브노멀","AR","화력형","3","0","30","10","10","10","73.47","17.99","92.66","0.00","0.00","17.29","8.29","0.00","5.47","SR 5","","","10","5","차댐","8.29","우코","23.56","공증","6.18","10","5","명중","9.70","장탄","56.60","공증","11.81","10","5","우코","22.15","명중","7.59","장탄","36.06","10","0","우코","27.76","방어","5.47","","","370","225","224","225","228","228","228","263","220"